hour,ROC
5,0.006472123278295161
6,0.012973618475079033
7,0.005469563432259636
8,0.004121673597390824
9,6.503309008190371e-05
10,8.174548894205415e-05
11,-3.139319701897197e-06
12,8.801633029596398e-05
13,5.543835816391305e-06
14,-5.2382200803079914e-05
15,2.057557897887586e-05
16,0.00015783323837399854
17,0.00023314324725908807
18,0.0005223411235721494
19,-0.0015984251200931165
20,-0.00217511676511134
21,0.0
22,0.0
23,0.0
